country,avg_temperature,avg_latitude,avg_longitude
Saudi Arabien,45.0,24.64,46.77
Marrocos,40.3,31.63,-8.0
Turkménistan,37.8,37.7,65.37
Турция,34.0,39.55,27.62
Qatar,32.58065739570164,25.2872798988622,51.5327201011378
United Arab Emirates,32.37402269861286,24.46727843631778,54.367278436317775
Cambodia,32.05656565656565,11.55,104.91727916666667
Oman,31.893190416141234,23.612721563682218,58.59272156368222
Djibouti,31.42012658227848,11.595867088607596,43.14842949367088
Thailand,31.247507886435333,16.26795047318612,100.65008201892745
Bangladesh,31.24381313131313,23.72255984848485,90.40884393939395
Inde,31.2,28.6,77.2
Kuwait,31.071212121212124,29.367279166666666,47.960025252525256
Saudi Arabia,30.85681818181818,24.640660606060607,46.77231212121212
Myanmar,30.848549810844894,16.800189659520807,96.19490453972259
Malaysia,30.66439393939394,3.1672791666666664,101.70000000000002
Philippines,30.526388888888892,14.603468181818181,120.98181666666667
India,30.426675094816687,28.6,77.2
Sri Lanka,30.25094577553594,6.931569356872635,79.84818284993695
Singapore,30.00983606557377,1.2925566204287515,103.85653619167718
Sudan,29.950347881087918,13.870303162555345,28.49429006957622
Bahrain,29.819924337957126,26.236783606557378,50.582556620428754
火鸡,29.7,38.85,34.65
Brunei Darussalam,29.648293299620732,4.882724273072061,114.93272427307205
Chad,29.204659949622165,12.112557304785893,15.049340050377836
Iraq,29.0088161209068,33.338845088161214,44.393217254408064
Niger,28.959142496847413,13.58026292559899,1.977271500630517
Tuvalu,28.829003783102145,-8.517278436317781,134.95965
Seychelles Islands,28.821898734177214,-4.617276455696203,55.45
Pakistan,28.819721871049307,33.7,73.16727572692795
Somalia,28.728065739570166,2.067275726927939,45.36727572692794
Lao People's Democratic Republic,28.55,17.96835,102.6
Indonesia,28.482304785894208,-7.187906108312343,110.5648983627204
Palau,28.455625790139067,7.35206384323641,134.52205752212387
Marshall Islands,28.309583858764185,7.099999999999999,134.95965
Micronesia,28.3,6.917276455696203,134.95965
Benin,28.070959595959597,6.482724999999999,2.6172750000000002
Kiribati,28.05221238938053,-0.8827284450063211,134.95965
Maldives,27.949367088607595,6.7295336708860765,73.11951898734176
Burkina Faso,27.846784363177807,12.370247793190416,-1.5238820933165196
Saint-Vincent-et-les-Grenadines,27.8,13.13,-61.22
Polônia,27.7,53.33,21.62
Central African Republic,27.50618686868687,4.367275,18.582725
Solomon Islands,27.50201765447667,-9.432721563682218,134.95965
Mexique,27.4,27.42,-91.91355
Vietnam,27.34194065757819,20.720218283881316,105.55255437048916
Saint Vincent and the Grenadines,27.231898734177218,13.132723544303797,-61.2172764556962
Ghana,27.145465994962215,5.55,-0.21727770780856423
Togo,27.1,6.13095,1.2214
Grenada,27.080940279542567,12.05,-61.75
Saint Lucia,27.039015151515155,14.0,-61.0
Barbados,26.999747155499367,13.1,-59.6172798988622
Papua New Guinea,26.9078184110971,-9.46388209331652,134.95965
Jamaica,26.873037974683545,17.96143936708861,-76.8235029113924
Nigeria,26.843631778058008,9.176536191677176,7.180659773013871
Equatorial Guinea,26.80478589420655,3.75,8.782722292191435
Comoros,26.66569620253165,-11.70347164556962,43.24024797468354
Saint Kitts and Nevis,26.617193426042984,17.3,-62.7172798988622
Mauritius,26.613257575757576,-20.16156654040404,57.499093055555555
Dominica,26.523447401774398,15.3,-61.4
Gabon,26.522222222222222,0.382725,9.45
Mali,26.511616161616164,12.650000000000002,-8.0
Timor-Leste,26.46489226869455,-8.55884309252218,125.57297490494297
Libya,26.35,32.89125,13.18
Antigua and Barbuda,26.337008871989863,17.117273003802282,-61.85
Congo,26.25126582278481,-4.259339746835443,15.283878987341772
Democratic Republic of Congo,26.121898734177215,-4.3,15.3
Jemen,26.1,15.35,44.21
Südkorea,26.1,37.57,127.0
Samoa,26.056797966963153,-13.832721346886911,-91.91355
Guinea,26.04949494949495,9.509340404040405,-13.711813888888887
Sierra Leone,25.850379746835443,8.49,-13.23347164556962
Liberia,25.790025252525254,6.310495454545455,-10.803881060606061
Angola,25.721941992433795,-8.838597982345524,13.233628751576294
Panama,25.568734177215187,8.967280632911391,-79.5327193670886
Burundi,25.45302267002519,-3.3767827455919397,29.36
Egypt,25.32212389380531,30.05,31.25
Guinea-Bissau,25.29469696969697,11.849999999999998,-15.582720833333333
Komoren,25.2,-12.35,43.85
Vanuatu,25.162042875157628,-17.73272572509458,134.95965
Cameroon,25.15896464646465,5.893729797979797,12.017377651515151
Madagascar,25.151878497202237,-20.912711830535574,47.126540207833735
Trinidad and Tobago,25.141772151898735,10.65,-61.517280632911394
Mozambique,24.953972257250946,-25.966123833543506,32.58934022698613
Uganda,24.953215636822197,0.31636569987389657,32.5663656998739
Bahamas,24.801397712833545,25.08272554002541,-77.35
Gambia,24.75830164765526,13.452561723700885,-16.577934093789608
Fiji Islands,24.754602774274908,-18.132721563682217,134.95965
Tanzania,24.704040404040402,-6.182720833333334,35.75
Guyana,24.61596958174905,6.8,-58.16728136882129
Nicaragua,24.576620076238882,12.150659720457433,-86.26859809402795
USA United States of America,24.53333333333333,26.936666666666667,-15.717849999999999
Senegal,24.445476190476192,14.660399761904763,-17.319504404761904
Suriname,24.33607594936709,5.832723544303797,-55.167276455696204
Malásia,24.3,4.63,118.37
Cyprus,24.290037831021436,35.167274274905424,33.36727427490543
Польша,24.2,51.12,17.53
Brazil,24.04790874524715,-2.1370912547528516,-58.13800380228137
Dominican Republic,23.979873417721517,18.467276455696204,-69.9
Tonga,23.89456384323641,-21.1327201011378,-91.91355
Cape Verde,23.868095838587642,14.931237074401007,-23.512061790668348
El Salvador,23.485114503816792,13.708844020356235,-89.20255966921121
Malawi,23.402900378310214,-13.982721563682219,33.782721563682216
Zambia,23.40075662042875,-15.41727843631778,28.28272156368222
Mauritania,23.346085858585855,18.087031818181817,-15.976124873737374
Estonie,23.3,59.43,24.73
Rwanda,23.296343001261032,-1.9529735182849939,30.060495586380835
Nepal,23.28497474747475,27.717275,85.317275
Lebanon,23.12146464646465,33.87156893939394,35.50975227272727
Israel,23.105934343434345,31.78,35.23
كولومبيا,23.1,6.43,-70.92
Turkmenistan,23.096338383838383,37.95,58.38272499999999
Tajikistan,22.973072060682682,38.56,68.7732195954488
Cuba,22.81951837769328,23.131565272496832,-82.36346007604563
Cote d'Ivoire,22.817824773413896,6.816699999999999,-5.2833
Uzbekistan,22.68727959697733,41.317277707808564,69.25
Venezuela,22.320606826801516,10.5,-66.9172798988622
Zimbabwe,22.186599241466496,-17.818181036662452,31.043885967130212
Yemen,22.181234256926952,15.35388312342569,44.20727355163728
Belize,22.16446700507614,17.25,-88.76728210659898
Greece,21.977313054499366,37.97958681875792,23.716859822560203
Malta,21.88375314861461,35.89975251889169,14.513877204030226
Kosovo,21.75,42.671350000000004,21.16845
Tunisia,21.73008849557522,36.80231150442478,10.179752338811632
Botswana,21.623106060606062,-24.647031818181816,25.91156654040404
Jordan,21.49016393442623,31.95,35.93272156368222
Syria,21.48030303030303,33.5,36.3
Swaziland,21.35436241610738,-26.317311275167786,31.132688724832214
Haiti,21.32620253164557,18.539340759493673,-72.33587974683543
Eritrea,21.211209068010078,15.332722292191434,38.932722292191436
Kenya,21.138113207547168,-1.2896832704402519,36.82445094339622
Paraguay,20.884343434343435,-21.901327525252526,-60.110498106060604
Letonia,20.6,56.95,24.1
Namibia,20.581336696090794,-22.57140416141236,17.081817150063053
Algeria,20.285335018963337,36.76255916561315,3.0504953223767384
Japan,20.18337531486146,35.68958753148615,134.95965
Iran,19.89273199221285,35.98694568462038,49.026301881894874
South Africa,19.700756620428752,-25.74744337957125,28.188350567465324
Afghanistan,19.51361916771753,34.51727843631778,69.18272156368222
Honduras,19.46979695431472,14.1,-87.21727791878172
Albania,19.42651515151515,41.32793876262626,19.819093055555555
Ethiopia,19.41540404040404,9.032729166666668,38.7
Costa Rica,19.176178343949044,9.847782165605096,-84.13038165605096
Azerbaijan,19.129040404040406,40.396118939393936,49.88181666666666
China,18.930341340075852,39.929091908975984,116.38859658659923
Montenegro,18.906826801517067,42.44090809102402,19.26297193426043
Italy,18.62749054224464,41.9,12.482725725094577
Vatican City,18.612342569269522,41.90329974811083,12.452474811083123
Morocco,18.423261694058155,34.026114032869785,-6.8367754740834386
Lesotho,18.12882427307206,-29.317275726927942,27.482724273072062
Monaco,18.127756653992396,43.73272699619772,7.417273003802281
Peru,18.11243654822335,-12.050000000000002,-77.05
Kyrghyzstan,17.883333333333333,42.87255984848485,74.60024772727273
Bélgica,17.4,51.1,4.75
South Korea,17.395833333333332,37.56702727272727,126.99975227272728
Georgia,17.382025316455696,41.72586708860759,44.790661265822784
Guatemala,17.359796437659032,14.620908269720102,-90.5274403307888
Armenia,17.211979823455234,40.18090718789407,44.51296897856242
Bolivia,17.09066073697586,-15.112640851334179,-66.17103030495554
San Marino,17.034430379746837,43.93273189873418,12.45
Portugal,16.94381313131313,38.71727083333334,-9.132729166666667
Turkey,16.846110056925998,39.73896369386464,30.24211151170146
Macedonia,16.82617534942821,42.0,21.432725540025412
Spain,15.920050441361917,40.4,-3.6827257250945773
Romania,15.906068268015172,44.43272427307206,26.1
Гватемала,15.9,14.62,-90.53
Serbia,15.58045397225725,44.80330390920555,20.465952711223203
North Korea,15.40189633375474,39.01950467762326,125.75388002528445
Australia,15.317758186397985,-35.28911196473552,134.95965
Bulgaria,14.951621770203408,43.137599175371086,23.813138152831225
Mexico,14.793662864385299,19.42876235741445,-91.91355
Argentina,14.489886219974716,-34.58793615676359,-58.67206384323641
Croatia,14.40607594936709,45.8,16.0
Uruguay,14.17739898989899,-34.85843345959596,-56.1706595959596
Hungary,13.987802197802198,47.46785714285714,18.79351021978022
New Zealand,13.929924242424242,-41.3,134.95965
Colombia,13.9,4.6,-74.08165
Bhutan,13.738305941845764,27.482724273072062,89.6
Slovakia,13.727868852459018,48.15,17.117274274905423
France,13.514141414141415,48.86727916666666,2.332720833333333
Slovenia,13.300378310214377,46.05612383354351,14.513628751576293
Austria,13.244949494949495,48.2,16.367275000000003
Bosnia and Herzegovina,13.119041614123581,43.85,18.382721563682217
Ukraine,13.047481108312343,50.432722292191436,30.517277707808564
Belgium,12.665637583892616,50.919808657718114,4.077858724832215
Netherlands,12.586128625472886,52.373303909205546,4.889752206809584
United Kingdom,12.361694058154235,51.5176022756005,-0.10685815423514539
Germany,12.30138713745271,52.51727843631778,13.4
Poland,12.25617128463476,52.25,21.0
Kazakhstan,11.955808080808083,51.180908333333335,71.42818333333334
Czech Republic,11.466118836915298,50.08273261694058,14.467267383059419
Luxembourg,11.13620253164557,49.611405189873416,6.13
Denmark,11.086363636363636,55.667275000000004,12.582725
Ireland,10.978987341772152,53.33255848101266,-6.249092151898734
Belarus,10.913257575757576,53.89999999999999,27.56727916666667
Switzerland,10.882562277580071,46.89944661921709,7.6165047449584815
Chile,10.880759493670885,-33.45,-70.6672806329114
Latvia,10.76637168141593,56.95,24.1
Russia,10.606257378984651,55.60842833530107,40.45347390791027
Lithuania,10.52790404040404,54.682725000000005,25.317275000000002
Ecuador,10.42284263959391,-0.21728210659898478,-78.5
Sweden,10.418939393939395,59.332724999999996,18.05
Liechtenstein,10.409469696969698,47.13272499999999,9.517275
Estonia,10.002275600505689,59.433219595448804,24.72843147914033
Finland,9.951828499369483,60.17637124842371,24.933463808322823
Andorra,9.373013871374528,42.5,1.5172784363177807
Mongolia,9.041414141414144,47.917275000000004,106.91727500000002
United States of America,9.030038022813688,47.940921926489224,-91.5557401774398
Norway,8.74179104477612,59.94825621890547,10.714427860696517
Canada,7.896586599241469,45.4172798988622,-75.7
Iceland,5.8973451327433635,63.78217446270544,-20.858828318584074
